{
  "specs": {
    "id": 0.01,
    "u1": 0.01,
    "u2": 0.01204534232033446,
    "u3": 12.254932140159248,
    "x": 1e-06,
    "y": 0.01,
    "z": 0.01,
    "h": 0.007270060912440158,
    "s": 0.01,
    "sdg": 0.01,
    "t": 0.01,
    "tdg": 0.01,
    "rx": 1e-06,
    "ry": 0.058220141458363864,
    "rz": 0.01,
    "sx": 0.01,
    "sxdg": 0.01,
    "p": 0.5281664185859509,
    "r": 0.01,
    "reset": 0.01,
    "cx": 1e-06,
    "cy": 0.05,
    "cz": 0.14223071202970924,
    "swap": 1e-06,
    "ccx": 1e-06,
    "cswap": 4.694851198831968e-05,
    "cu1": 0.05,
    "cu3": 0.05,
    "rxx": 0.05,
    "ryy": 0.05,
    "rzz": 1e-06,
    "rzx": 0.05,
    "ecr": 0.05,
    "dcx": 0.05,
    "iswap": 0.05,
    "ms": 0.05,
    "rccx": 0.05,
    "rc3x": 0.05,
    "cp": 0.004022549798944357,
    "crx": 0.05,
    "cry": 1e-06,
    "crz": 0.05,
    "csx": 0.05,
    "mcx": 0.05,
    "mcy": 0.05,
    "mcz": 0.05,
    "mcrx": 0.05,
    "mcry": 0.05,
    "mcrz": 0.05,
    "mcsx": 0.05,
    "mcu1": 0.05,
    "mcu3": 0.05,
    "mcswap": 0.05,
    "barrier": 0.0
  },
  "alpha": 15.678727328921074
}